124,cpa
149,cpa
151,cpa
152,cpa
153,cpa
154,cpa
156,cpa
158,cpa
159,cpa
160,cpa
161,cpa
162,cpa
163,cpa
164,cpa
165,cpa
169,cpa
170,cpa
171,cpa
172,cpa
173,cpa
175,cpa
177,cpa
93,cpb
94,cpb
95,cpb
96,cpb
97,cpb
98,cpb
100,cpb
101,cpb
102,cpb
103,cpb
104,cpb
105,cpb
106,cpb
107,cpb
109,cpb
110,cpb
111,cpb
112,cpb
113,cpb
114,cpb
157,cpb
166,cpb
227,cpb
230,cpb
235,cpb
74,ce1a
75,ce1a
76,ce1a
77,ce1a
78,ce1a
79,ce1a
80,ce1a
82,ce1a
83,ce1a
87,ce1a
88,ce1a
89,ce1a
90,ce1a
224,ce1a
225,ce1a
226,ce1a
229,ce1a
231,ce1a
232,ce1a
233,ce1a
234,ce1a
236,ce1a
116,ce1b
117,ce1b
119,ce1b
121,ce1b
123,ce1b
126,ce1b
128,ce1b
129,ce1b
137,ce1b
141,ce1b
143,ce1b
147,ce1b
200,ce1b
202,ce1b
203,ce1b
205,ce1b
207,ce1b
208,ce1b
211,ce1b
212,ce1b
214,ce1b
216,ce1b
218,ce1b
219,ce1b
222,ce1b
223,ce1b
127,ce2a
130,ce2a
131,ce2a
132,ce2a
133,ce2a
139,ce2a
140,ce2a
142,ce2a
146,ce2a
155,ce2a
167,ce2a
168,ce2a
174,ce2a
178,ce2a
179,ce2a
184,ce2a
188,ce2a
190,ce2a
193,ce2a
197,ce2a
198,ce2a
206,ce2a
228,ce2a
55,ce2b
56,ce2b
57,ce2b
58,ce2b
59,ce2b
60,ce2b
62,ce2b
63,ce2b
64,ce2b
65,ce2b
66,ce2b
68,ce2b
69,ce2b
72,ce2b
108,ce2b
115,ce2b
120,ce2b
125,ce2b
134,ce2b
136,ce2b
138,ce2b
33,cm1a
36,cm1a
37,cm1a
40,cm1a
44,cm1a
45,cm1a
46,cm1a
47,cm1a
48,cm1a
49,cm1a
50,cm1a
51,cm1a
52,cm1a
53,cm1a
54,cm1a
81,cm1a
118,cm1a
135,cm1a
176,cm1a
185,cm1a
196,cm1a
73,cm1b
84,cm1b
85,cm1b
180,cm1b
181,cm1b
182,cm1b
183,cm1b
186,cm1b
187,cm1b
189,cm1b
192,cm1b
194,cm1b
195,cm1b
199,cm1b
204,cm1b
209,cm1b
210,cm1b
213,cm1b
215,cm1b
217,cm1b
220,cm1b
221,cm1b
12,cm2a
13,cm2a
14,cm2a
15,cm2a
16,cm2a
17,cm2a
18,cm2a
20,cm2a
23,cm2a
24,cm2a
27,cm2a
30,cm2a
31,cm2a
32,cm2a
34,cm2a
35,cm2a
38,cm2a
39,cm2a
41,cm2a
43,cm2a
86,cm2a
148,cm2a
0,cm2b
1,cm2b
2,cm2b
3,cm2b
4,cm2b
5,cm2b
6,cm2b
7,cm2b
8,cm2b
9,cm2b
10,cm2b
11,cm2b
19,cm2b
21,cm2b
22,cm2b
25,cm2b
26,cm2b
28,cm2b
29,cm2b
61,cm2b
67,cm2b
70,cm2b
71,cm2b
42,teachers
91,teachers
92,teachers
99,teachers
122,teachers
144,teachers
145,teachers
150,teachers
191,teachers
201,teachers
