33,cm1a
36,cm1a
37,cm1a
40,cm1a
44,cm1a
45,cm1a
46,cm1a
47,cm1a
48,cm1a
49,cm1a
50,cm1a
51,cm1a
52,cm1a
53,cm1a
54,cm1a
60,cm1a
67,cm1a
69,cm1a
74,cm1a
79,cm1a
87,cm1a
59,cm1b
61,cm1b
62,cm1b
75,cm1b
76,cm1b
77,cm1b
78,cm1b
80,cm1b
81,cm1b
82,cm1b
84,cm1b
85,cm1b
86,cm1b
88,cm1b
90,cm1b
91,cm1b
92,cm1b
93,cm1b
94,cm1b
95,cm1b
96,cm1b
97,cm1b
12,cm2a
13,cm2a
14,cm2a
15,cm2a
16,cm2a
17,cm2a
18,cm2a
20,cm2a
23,cm2a
24,cm2a
27,cm2a
30,cm2a
31,cm2a
32,cm2a
34,cm2a
35,cm2a
38,cm2a
39,cm2a
41,cm2a
43,cm2a
63,cm2a
72,cm2a
0,cm2b
1,cm2b
2,cm2b
3,cm2b
4,cm2b
5,cm2b
6,cm2b
7,cm2b
8,cm2b
9,cm2b
10,cm2b
11,cm2b
19,cm2b
21,cm2b
22,cm2b
25,cm2b
26,cm2b
28,cm2b
29,cm2b
55,cm2b
56,cm2b
57,cm2b
58,cm2b
42,teachers
64,teachers
65,teachers
66,teachers
68,teachers
70,teachers
71,teachers
73,teachers
83,teachers
89,teachers
